tld,tldwww
yahoo.com,www.yahoo.com
msn.com,www.msn.com
cnn.com,www.cnn.com
foxnews.com,www.foxnews.com
nytimes.com,www.nytimes.com
aol.com,www.aol.com
washingtonpost.com,www.washingtonpost.com
att.net,www.drudgereport.com
news.google.com,www.att.net
usatoday.com,www.news.google.com
huffingtonpost.com,www.usatoday.com
dailymail.co.uk,www.huffingtonpost.com
myway.com,www.dailymail.co.uk
bet.com,www.myway.com
dailykos.com,www.bet.com
wsj.com,www.dailykos.com
breitbart.com,www.wsj.com
nbcnews.com,www.breitbart.com
littlethings.com,www.nbcnews.com
theguardian.com,www.littlethings.com
cnbc.com,www.theguardian.com
latimes.com,www.cnbc.com
npr.org,www.latimes.com
nypost.com,www.npr.org
topix.com,www.nypost.com
abcnews.go.com,www.topix.com
nbc.com,www.abcnews.go.com
msnbc.com,www.nbc.com
cbsnews.com,www.msnbc.com
bbc.com,www.cbsnews.com
aol.com,www.bbc.com
worldstarhiphop.com,www.aol.com
bloomberg.com,www.worldstarhiphop.com
forbes.com,www.bloomberg.com
politico.com,www.forbes.com
247sports.com,www.politico.com
nydailynews.com,www.247sports.com
slate.com,www.nydailynews.com
chicagotribune.com,www.slate.com
msn.com,www.chicagotribune.com
windstream.net,www.msn.com
philly.com,www.windstream.net
glamour.com,www.philly.com
thehill.com,www.glamour.com
sfgate.com,www.thehill.com
pbs.org,www.sfgate.com
scribol.com,www.pbs.org
time.com,www.scribol.com
nj.com,www.time.com
thedailybeast.com,www.nj.com
cbslocal.com,www.thedailybeast.com
meaww.com,www.cbslocal.com
state.gov,www.meaww.com
boredpanda.com,www.state.gov
today.com,www.boredpanda.com
patch.com,www.today.com
realclearpolitics.com,www.patch.com
snopes.com,www.realclearpolitics.com
reuters.com,www.snopes.com
mayoclinic.org,www.reuters.com
startribune.com,www.mayoclinic.org
theblaze.com,www.startribune.com
vox.com,www.theblaze.com
bbc.co.uk,www.vox.com
theatlantic.com,www.bbc.co.uk
dailycaller.com,www.theatlantic.com
ijr.com,www.dailycaller.com
chron.com,www.ijr.com
rushlimbaugh.com,www.chron.com
newyorker.com,www.rushlimbaugh.com
cheatsheet.com,www.newyorker.com
mlive.com,www.cheatsheet.com
rawstory.com,www.mlive.com
delish.com,www.rawstory.com
newsmax.com,www.delish.com
townhall.com,www.newsmax.com
indiatimes.com,www.townhall.com
usnews.com,www.indiatimes.com
ksl.com,www.usnews.com
freep.com,www.ksl.com
telegraph.co.uk,www.freep.com
shareably.net,www.telegraph.co.uk
newsweek.com,www.shareably.net
ktla.com,www.newsweek.com
mail.ru,www.ktla.com
fivethirtyeight.com,www.mail.ru
bustle.com,www.fivethirtyeight.com
conservativetribune.com,www.bustle.com
bostonglobe.com,www.conservativetribune.com
nationalreview.com,www.bostonglobe.com
bizjournals.com,www.nationalreview.com
miamiherald.com,www.bizjournals.com
yahoo.com,www.miamiherald.com
al.com,www.yahoo.com
dallasnews.com,www.al.com
msn.com,www.dallasnews.com
ap.org,www.msn.com
ndtv.com,www.ap.org
wral.com,www.ndtv.com
tiphero.com,www.wral.com
nymag.com,www.tiphero.com
stltoday.com,www.nymag.com
mtonews.com,www.stltoday.com
mercurynews.com,www.mtonews.com
dailywire.com,www.mercurynews.com
opposingviews.com,www.dailywire.com
ajc.com,www.opposingviews.com
msn.com,www.ajc.com
independent.co.uk,www.msn.com
vh1.com,www.independent.co.uk
indystar.com,www.vh1.com
azcentral.com,www.indystar.com
heavy.com,www.azcentral.com
nasdaq.com,www.heavy.com
denverpost.com,www.nasdaq.com
ibtimes.co.uk,www.denverpost.com
wnd.com,www.ibtimes.co.uk
vice.com,www.wnd.com
washingtontimes.com,www.vice.com
gma.yahoo.com,www.washingtontimes.com
salon.com,www.gma.yahoo.com
univision.com,www.salon.com
oregonlive.com,www.univision.com
freerepublic.com,www.oregonlive.com
pagesix.com,www.freerepublic.com
fark.com,www.pagesix.com
thoughtcatalog.com,www.fark.com
parents.com,www.thoughtcatalog.com
inquisitr.com,www.parents.com
suntimes.com,www.inquisitr.com
detroitnews.com,www.suntimes.com
providr.com,www.detroitnews.com
seattletimes.com,www.providr.com
nola.com,www.seattletimes.com
fortune.com,www.nola.com
cleveland.com,www.fortune.com
mirror.co.uk,www.cleveland.com
bipartisanreport.com,www.mirror.co.uk
perezhilton.com,www.bipartisanreport.com
washingtonexaminer.com,www.perezhilton.com
theweek.com,www.washingtonexaminer.com
newser.com,www.theweek.com
upworthy.com,www.newser.com
theroot.com,www.upworthy.com
hotair.com,www.theroot.com
motherjones.com,www.hotair.com
radio.com,www.motherjones.com
charlotteobserver.com,www.radio.com
inc.com,www.charlotteobserver.com
thegatewaypundit.com,www.inc.com
express.co.uk,www.thegatewaypundit.com
atlasobscura.com,www.express.co.uk
someecards.com,www.atlasobscura.com
pjmedia.com,www.someecards.com
faithtap.com,www.pjmedia.com
jalopnik.com,www.faithtap.com
alternet.org,www.jalopnik.com
12up.com,www.alternet.org
orlandosentinel.com,www.12up.com
scarymommy.com,www.orlandosentinel.com
observer.com,www.scarymommy.com
abc7chicago.com,www.observer.com
newsday.com,www.abc7chicago.com
elpais.com,www.newsday.com
wsbtv.com,www.elpais.com
9news.com,www.wsbtv.com
syracuse.com,www.9news.com
shared.com,www.syracuse.com
beforeitsnews.com,www.shared.com
brightside.me,www.beforeitsnews.com
thefederalistpapers.org,www.brightside.me
abc7.com,www.thefederalistpapers.org
post-gazette.com,www.abc7.com
dailydot.com,www.post-gazette.com
bizpacreview.com,www.dailydot.com
knowyourmeme.com,www.bizpacreview.com
ok.ru,www.knowyourmeme.com
news12.com,www.ok.ru
dispatch.com,www.news12.com
lifezette.com,www.dispatch.com
cbn.com,www.lifezette.com
thinkprogress.org,www.cbn.com
kansascity.com,www.thinkprogress.org
baynews9.com,www.kansascity.com
ozy.com,www.baynews9.com
politifact.com,www.ozy.com
tampabay.com,www.politifact.com
wickedlocal.com,www.tampabay.com
mcall.com,www.wickedlocal.com
mediaite.com,www.mcall.com
uexpress.com,www.mediaite.com
boston.com,www.uexpress.com
vladtv.com,www.boston.com
thefederalist.com,www.vladtv.com
wfaa.com,www.thefederalist.com
techtimes.com,www.wfaa.com
thepoliticalinsider.com,www.techtimes.com
eater.com,www.thepoliticalinsider.com
senate.gov,www.eater.com
rt.com,www.senate.gov
inspiremore.com,www.rt.com
bangordailynews.com,www.inspiremore.com
6abc.com,www.bangordailynews.com
madworldnews.com,www.6abc.com
talkingpointsmemo.com,www.madworldnews.com
cbc.ca,www.talkingpointsmemo.com
nhregister.com,www.cbc.ca
elcomercio.pe,www.nhregister.com
gawker.com,www.elcomercio.pe
aol.com,www.gawker.com
upi.com,www.aol.com
deseretnews.com,www.upi.com
seattlepi.com,www.deseretnews.com
hellogiggles.com,www.seattlepi.com
aetv.com,www.hellogiggles.com
clickondetroit.com,www.aetv.com
sacbee.com,www.clickondetroit.com
westernjournal.com,www.sacbee.com
digg.com,www.westernjournal.com
politicususa.com,www.digg.com
metro.co.uk,www.politicususa.com
abc13.com,www.metro.co.uk
newsobserver.com,www.abc13.com
wtop.com,www.newsobserver.com
wgntv.com,www.wtop.com
qz.com,www.wgntv.com
maricopa.gov,www.qz.com
sandiegouniontribune.com,www.maricopa.gov
crooksandliars.com,www.sandiegouniontribune.com
mic.com,www.crooksandliars.com
aljazeera.com,www.mic.com
theconservativetreehouse.com,www.aljazeera.com
marca.com,www.theconservativetreehouse.com
adweek.com,www.marca.com
elespectador.com,www.adweek.com
koat.com,www.elespectador.com
tennessean.com,www.koat.com
twitchy.com,www.tennessean.com
eltiempo.com,www.twitchy.com
syfy.com,www.eltiempo.com
sun-sentinel.com,www.syfy.com
msn.com,www.sun-sentinel.com
harpersbazaar.com,www.msn.com
cincinnati.com,www.harpersbazaar.com
fox8.com,www.cincinnati.com
vogue.com,www.fox8.com
liveleak.com,www.vogue.com
jpost.com,www.liveleak.com
telegram.com,www.jpost.com
palmerreport.com,www.telegram.com
thegazette.com,www.palmerreport.com
northjersey.com,www.thegazette.com
pix11.com,www.northjersey.com
onegreenplanet.org,www.pix11.com
trueactivist.com,www.onegreenplanet.org
dailysignal.com,www.trueactivist.com
pitchfork.com,www.dailysignal.com
ocregister.com,www.pitchfork.com
komonews.com,www.ocregister.com
cnsnews.com,www.komonews.com
reviewjournal.com,www.cnsnews.com
tributes.com,www.reviewjournal.com
onet.pl,www.tributes.com
wpxi.com,www.onet.pl
sltrib.com,www.wpxi.com
wfmz.com,www.sltrib.com
hotnewhiphop.com,www.wfmz.com
ebony.com,www.hotnewhiphop.com
c-span.org,www.ebony.com
triblive.com,www.c-span.org
pennlive.com,www.triblive.com
gothamist.com,www.pennlive.com
addictinginfo.org,www.gothamist.com
thisisinsider.com,www.addictinginfo.org
christianpost.com,www.thisisinsider.com
masslive.com,www.christianpost.com
mysanantonio.com,www.masslive.com
ksdk.com,www.mysanantonio.com
wbay.com,www.ksdk.com
myfox8.com,www.wbay.com
axs.com,www.myfox8.com
wmur.com,www.axs.com
fox13news.com,www.wmur.com
kgw.com,www.fox13news.com
woodtv.com,www.kgw.com
americanthinker.com,www.woodtv.com
bostonherald.com,www.americanthinker.com
nerdist.com,www.bostonherald.com
sfchronicle.com,www.nerdist.com
hpe.com,www.sfchronicle.com
kare11.com,www.hpe.com
westeros.org,www.kare11.com
theadvocate.com,www.westeros.org
el-nacional.com,www.theadvocate.com
gallup.com,www.el-nacional.com
kptv.com,www.gallup.com
fox4kc.com,www.kptv.com
uticaod.com,www.fox4kc.com
11alive.com,www.uticaod.com
fox2now.com,www.11alive.com
keloland.com,www.fox2now.com
wavy.com,www.keloland.com
wtvr.com,www.wavy.com
news.com.au,www.wtvr.com
wmcactionnews5.com,www.news.com.au
dennismichaellynch.com,www.wmcactionnews5.com
wcvb.com,www.dennismichaellynch.com
as.com,www.wcvb.com
katu.com,www.as.com
naturalnews.com,www.katu.com
providencejournal.com,www.naturalnews.com
courier-journal.com,www.providencejournal.com
redstate.com,www.courier-journal.com
laopinion.com,www.redstate.com
abc15.com,www.laopinion.com
kdvr.com,www.abc15.com
palmbeachpost.com,www.kdvr.com
democraticunderground.com,www.palmbeachpost.com
omaha.com,www.democraticunderground.com
nbcnewyork.com,www.omaha.com
kstp.com,www.nbcnewyork.com
whec.com,www.kstp.com
goerie.com,www.whec.com
theepochtimes.com,www.goerie.com
themighty.com,www.theepochtimes.com
timesunion.com,www.themighty.com
freebeacon.com,www.timesunion.com
thedodo.com,www.freebeacon.com
wthr.com,www.thedodo.com
madison.com,www.wthr.com
mediamatters.org,www.madison.com
kmov.com,www.mediamatters.org
democratandchronicle.com,www.kmov.com
click2houston.com,www.democratandchronicle.com
movieweb.com,www.click2houston.com
newson6.com,www.movieweb.com
kwch.com,www.newson6.com
csmonitor.com,www.kwch.com
thenation.com,www.csmonitor.com
wftv.com,www.thenation.com
newsbusters.org,www.wftv.com
prnewswire.com,www.newsbusters.org
apnews.com,www.prnewswire.com
sciencealert.com,www.apnews.com
kcra.com,www.sciencealert.com
pastemagazine.com,www.kcra.com
news4jax.com,www.pastemagazine.com
democracynow.org,www.news4jax.com
nwitimes.com,www.democracynow.org
newsok.com,www.nwitimes.com
thehornnews.com,www.newsok.com
thecut.com,www.thehornnews.com
nbcchicago.com,www.thecut.com
arkansasonline.com,www.nbcchicago.com
reason.com,www.arkansasonline.com
ntd.tv,www.reason.com
king5.com,www.ntd.tv
factcheck.org,www.king5.com
clarin.com,www.factcheck.org
khou.com,www.clarin.com
newsone.com,www.khou.com
wnep.com,www.newsone.com
twincities.com,www.wnep.com
nbclosangeles.com,www.twincities.com
fox6now.com,www.nbclosangeles.com
bloodhorse.com,www.fox6now.com
laweekly.com,www.bloodhorse.com
wsmv.com,www.laweekly.com
parade.com,www.wsmv.com
yourtango.com,www.parade.com
ny1.com,www.yourtango.com
conservativedailypost.com,www.ny1.com
commondreams.org,www.conservativedailypost.com
azfamily.com,www.commondreams.org
pjstar.com,www.azfamily.com
louderwithcrowder.com,www.pjstar.com
star-telegram.com,www.louderwithcrowder.com
espnfc.com,www.star-telegram.com
teenvogue.com,www.espnfc.com
comingsoon.net,www.teenvogue.com
courant.com,www.comingsoon.net
fox59.com,www.courant.com
newsherald.com,www.fox59.com
americasfreedomfighters.com,www.newsherald.com
boingboing.net,www.americasfreedomfighters.com
lancasteronline.com,www.boingboing.net
news.abs-cbn.com,www.lancasteronline.com
richmond.com,www.news.abs-cbn.com
barrons.com,www.richmond.com
pilotonline.com,www.barrons.com
app.com,www.pilotonline.com
inforum.com,www.app.com
baltimoresun.com,www.inforum.com
wwlp.com,www.baltimoresun.com
nwherald.com,www.wwlp.com
kiro7.com,www.nwherald.com
buffalonews.com,www.kiro7.com
seacoastonline.com,www.buffalonews.com
desmoinesregister.com,www.seacoastonline.com
wxyz.com,www.desmoinesregister.com
adage.com,www.wxyz.com
kwtx.com,www.adage.com
nbcdfw.com,www.kwtx.com
g1.globo.com,www.nbcdfw.com
abc.net.au,www.g1.globo.com
greatfallstribune.com,www.abc.net.au
lohud.com,www.greatfallstribune.com
wkyc.com,www.lohud.com
wtae.com,www.wkyc.com
wreg.com,www.wtae.com
thestarpress.com,www.wreg.com
conservativepost.com,www.thestarpress.com
kentucky.com,www.conservativepost.com
anonews.co,www.kentucky.com
hannity.com,www.anonews.co
spiegel.de,www.hannity.com
timesofisrael.com,www.spiegel.de
silive.com,www.timesofisrael.com
nbcwashington.com,www.silive.com
centralmaine.com,www.nbcwashington.com
dailyherald.com,www.centralmaine.com
poconorecord.com,www.dailyherald.com
wdrb.com,www.poconorecord.com
kxan.com,www.wdrb.com
timesfreepress.com,www.kxan.com
recordonline.com,www.timesfreepress.com
channel3000.com,www.recordonline.com
100percentfedup.com,www.channel3000.com
wfla.com,www.100percentfedup.com
inquirer.net,www.wfla.com
irishcentral.com,www.inquirer.net
apost.com,www.irishcentral.com
thedenverchannel.com,www.apost.com
wptv.com,www.thedenverchannel.com
abc7ny.com,www.wptv.com
foreignpolicy.com,www.abc7ny.com
sport.es,www.foreignpolicy.com
thefreethoughtproject.com,www.sport.es
abc7news.com,www.thefreethoughtproject.com
rediff.com,www.abc7news.com
powerlineblog.com,www.rediff.com
ktvz.com,www.powerlineblog.com
bdtonline.com,www.ktvz.com
dailystar.co.uk,www.bdtonline.com
pewresearch.org,www.dailystar.co.uk
pe.com,www.pewresearch.org
atlantablackstar.com,www.pe.com
wistv.com,www.atlantablackstar.com
tucsonnewsnow.com,www.wistv.com
theintercept.com,www.tucsonnewsnow.com
kfor.com,www.theintercept.com
kcci.com,www.kfor.com
idahostatesman.com,www.kcci.com
whio.com,www.idahostatesman.com
elnuevoherald.com,www.whio.com
yournewswire.com,www.elnuevoherald.com
kron4.com,www.yournewswire.com
billoreilly.com,www.kron4.com
postandcourier.com,www.billoreilly.com
daytondailynews.com,www.postandcourier.com
tulsaworld.com,www.daytondailynews.com
hoopshype.com,www.tulsaworld.com
delawareonline.com,www.hoopshype.com
weeklystandard.com,www.delawareonline.com
cmt.com,www.weeklystandard.com
staradvertiser.com,www.cmt.com
vanguardngr.com,www.staradvertiser.com
voanews.com,www.vanguardngr.com
bnd.com,www.voanews.com
spectator.org,www.bnd.com
wlwt.com,www.spectator.org
local10.com,www.wlwt.com
phoenixnewtimes.com,www.local10.com
nbc-2.com,www.phoenixnewtimes.com
koin.com,www.nbc-2.com
heraldnews.com,www.koin.com
propublica.org,www.heraldnews.com
fox11online.com,www.propublica.org
mcclatchydc.com,www.fox11online.com
wkrn.com,www.mcclatchydc.com
ynetnews.com,www.wkrn.com
ilovemyfreedom.org,www.ynetnews.com
kqed.org,www.ilovemyfreedom.org
wjla.com,www.kqed.org
romper.com,www.wjla.com
wfsb.com,www.romper.com
ktvb.com,www.wfsb.com
wsfa.com,www.ktvb.com
kctv5.com,www.wsfa.com
journalgazette.net,www.kctv5.com
thestranger.com,www.journalgazette.net
awm.com,www.thestranger.com
patriotledger.com,www.awm.com
abc11.com,www.patriotledger.com
washingtonpress.com,www.abc11.com
13wham.com,www.washingtonpress.com
pressherald.com,www.13wham.com
commercialappeal.com,www.pressherald.com
journalstar.com,www.commercialappeal.com
wbir.com,www.journalstar.com
thegrio.com,www.wbir.com
thehindu.com,www.thegrio.com
haaretz.com,www.thehindu.com
wrcbtv.com,www.haaretz.com
wcpo.com,www.wrcbtv.com
fresnobee.com,www.wcpo.com
cuyahogacounty.us,www.fresnobee.com
secondnexus.com,www.cuyahogacounty.us
modbee.com,www.secondnexus.com
cjonline.com,www.modbee.com
lehighvalleylive.com,www.cjonline.com
wbur.org,www.lehighvalleylive.com
heritage.org,www.wbur.org
splinternews.com,www.heritage.org
trib.com,www.splinternews.com
ketv.com,www.trib.com
lubbockonline.com,www.ketv.com
floridatoday.com,www.lubbockonline.com
truth-out.org,www.floridatoday.com
uschronicle.com,www.truth-out.org
wcnc.com,www.uschronicle.com
tucson.com,www.wcnc.com
newschannel5.com,www.tucson.com
news-press.com,www.newschannel5.com
dallasobserver.com,www.news-press.com
nbcphiladelphia.com,www.dallasobserver.com
billingsgazette.com,www.nbcphiladelphia.com
southcoasttoday.com,www.billingsgazette.com
patriotpost.us,www.southcoasttoday.com
nbc4i.com,www.patriotpost.us
theconversation.com,www.nbc4i.com
eluniverso.com,www.theconversation.com
ky3.com,www.eluniverso.com
ljworld.com,www.ky3.com
wsbt.com,www.ljworld.com
wkrg.com,www.wsbt.com
lucianne.com,www.wkrg.com
judicialwatch.org,www.lucianne.com
clashdaily.com,www.judicialwatch.org
ibtimes.co.in,www.clashdaily.com
enterprisenews.com,www.ibtimes.co.in
vindy.com,www.enterprisenews.com
thenewstribune.com,www.vindy.com
kansas.com,www.thenewstribune.com
ace.mu.nu,www.kansas.com
ktvu.com,www.ace.mu.nu
advocate.com,www.ktvu.com
lifesitenews.com,www.advocate.com
tribunist.com,www.lifesitenews.com
fox13now.com,www.tribunist.com
wbtv.com,www.fox13now.com
aclu.org,www.wbtv.com
france24.com,www.aclu.org
nbcsandiego.com,www.france24.com
10tv.com,www.nbcsandiego.com
wsoctv.com,www.10tv.com
news9.com,www.wsoctv.com
infobae.com,www.news9.com
wusa9.com,www.infobae.com
nbcbayarea.com,www.wusa9.com
glennbeck.com,www.nbcbayarea.com
ctpost.com,www.glennbeck.com
wtol.com,www.ctpost.com
disclose.tv,www.wtol.com
marklevinshow.com,www.disclose.tv
faithfamilyamerica.com,www.marklevinshow.com
wesh.com,www.faithfamilyamerica.com
wsvn.com,www.wesh.com
collective-evolution.com,www.wsvn.com
wvgazettemail.com,www.collective-evolution.com
unilad.co.uk,www.wvgazettemail.com
sputniknews.com,www.unilad.co.uk
sputniknews.com,www.sputniknews.com
tmn.today,www.sputniknews.com
onenewsnow.com,www.tmn.today
local12.com,www.onenewsnow.com
militarytimes.com,www.local12.com
postcrescent.com,www.militarytimes.com
mrctv.org,www.postcrescent.com
argusleader.com,www.mrctv.org
globalnews.ca,www.argusleader.com
thetimesnews.com,www.globalnews.ca
billmoyers.com,www.thetimesnews.com
shareblue.com,www.billmoyers.com
spokesman.com,www.shareblue.com
greenwichtime.com,www.spokesman.com
knoxnews.com,www.greenwichtime.com
thestate.com,www.knoxnews.com
abcactionnews.com,www.thestate.com
news-gazette.com,www.abcactionnews.com
localsyr.com,www.news-gazette.com
dnainfo.com,www.localsyr.com
wzzm13.com,www.dnainfo.com
theday.com,www.wzzm13.com
worldnewsdailyreport.com,www.theday.com
wgrz.com,www.worldnewsdailyreport.com
5newsonline.com,www.wgrz.com
consequenceofsound.net,www.5newsonline.com
clarionledger.com,www.consequenceofsound.net
walb.com,www.clarionledger.com
paulaschoice.com,www.walb.com
wikileaks.org,www.paulaschoice.com
live5news.com,www.wikileaks.org
wafb.com,www.live5news.com
ksfy.com,www.wafb.com
wisn.com,www.ksfy.com
globoesporte.globo.com,www.wisn.com
clickorlando.com,www.globoesporte.globo.com
lovebscott.com,www.clickorlando.com
newrepublic.com,www.lovebscott.com
insidenova.com,www.newrepublic.com
dailybreeze.com,www.insidenova.com
gastongazette.com,www.dailybreeze.com
fox13memphis.com,www.gastongazette.com
wgal.com,www.fox13memphis.com
wtva.com,www.wgal.com
rtve.es,www.wtva.com
wctv.tv,www.rtve.es
huffingtonpost.co.uk,www.wctv.tv
axios.com,www.huffingtonpost.co.uk
americanmilitarynews.com,www.axios.com
wbaltv.com,www.americanmilitarynews.com
news-leader.com,www.wbaltv.com
adn.com,www.news-leader.com
wvmetronews.com,www.adn.com
weei.com,www.wvmetronews.com
wyff4.com,www.weei.com
westword.com,www.wyff4.com
fox25boston.com,www.westword.com
jacksonville.com,www.fox25boston.com
drweil.com,www.jacksonville.com
earthsky.org,www.drweil.com
metrowestdailynews.com,www.earthsky.org
radiotimes.com,www.metrowestdailynews.com
columbian.com,www.radiotimes.com
wcfcourier.com,www.columbian.com
republicanherald.com,www.wcfcourier.com
thetimes-tribune.com,www.republicanherald.com
wxii12.com,www.thetimes-tribune.com
cantonrep.com,www.wxii12.com
lgbtqnation.com,www.cantonrep.com
abqjournal.com,www.lgbtqnation.com
towleroad.com,www.abqjournal.com
abc.es,www.towleroad.com
q13fox.com,www.abc.es
skysports.com,www.q13fox.com
nbc12.com,www.skysports.com
wtsp.com,www.nbc12.com
chattanoogan.com,www.wtsp.com
globegazette.com,www.chattanoogan.com
eastbaytimes.com,www.globegazette.com
10news.com,www.eastbaytimes.com
nationalpost.com,www.10news.com
kktv.com,www.nationalpost.com
kmbc.com,www.kktv.com
davidwolfe.com,www.kmbc.com
bearingarms.com,www.davidwolfe.com
magicvalley.com,www.bearingarms.com
wane.com,www.magicvalley.com
naplesnews.com,www.wane.com
sj-r.com,www.naplesnews.com
eaglerising.com,www.sj-r.com
kcrg.com,www.eaglerising.com
theglobeandmail.com,www.kcrg.com
joeforamerica.com,www.theglobeandmail.com
wndu.com,www.joeforamerica.com
ksat.com,www.wndu.com
fox19.com,www.ksat.com
pressofatlanticcity.com,www.fox19.com
fox4news.com,www.pressofatlanticcity.com
qctimes.com,www.fox4news.com
desertsun.com,www.qctimes.com
fox32chicago.com,www.desertsun.com
gainesville.com,www.fox32chicago.com
nbcconnecticut.com,www.gainesville.com
herb.co,www.nbcconnecticut.com
ledger-enquirer.com,www.herb.co
greatamericancountry.com,www.ledger-enquirer.com
msnewsnow.com,www.greatamericancountry.com
chicagonow.com,www.msnewsnow.com
lex18.com,www.chicagonow.com
wktv.com,www.lex18.com
koco.com,www.wktv.com
theregister.co.uk,www.koco.com
nwfdailynews.com,www.theregister.co.uk
miaminewtimes.com,www.nwfdailynews.com
coloradoan.com,www.miaminewtimes.com
scmp.com,www.coloradoan.com
theweathernetwork.com,www.scmp.com
dailypress.com,www.theweathernetwork.com
14news.com,www.dailypress.com
dickmorris.com,www.14news.com
newatlas.com,www.dickmorris.com
statesman.com,www.newatlas.com
siliconera.com,www.statesman.com
dailynews.com,www.siliconera.com
abc30.com,www.dailynews.com
israelnationalnews.com,www.abc30.com
roanoke.com,www.israelnationalnews.com
mynews13.com,www.roanoke.com
wtnh.com,www.mynews13.com
smh.com.au,www.wtnh.com
pnj.com,www.smh.com.au
witn.com,www.pnj.com
vcstar.com,www.witn.com
idahostatejournal.com,www.vcstar.com
fox17online.com,www.idahostatejournal.com
rickeysmileymorningshow.com,www.fox17online.com
newstimes.com,www.rickeysmileymorningshow.com
elmundo.es,www.newstimes.com
hawaiinewsnow.com,www.elmundo.es
houstonpress.com,www.hawaiinewsnow.com
riverfronttimes.com,www.houstonpress.com
kutv.com,www.riverfronttimes.com
phillymag.com,www.kutv.com
wishtv.com,www.phillymag.com
weau.com,www.wishtv.com
foreverymom.com,www.weau.com
news18.com,www.foreverymom.com
dw.com,www.news18.com
gop.com,www.dw.com
greenbaypressgazette.com,www.gop.com
tcpalm.com,www.greenbaypressgazette.com
eluniversal.com,www.tcpalm.com
kens5.com,www.eluniversal.com
durangoherald.com,www.kens5.com
truthdig.com,www.durangoherald.com
kshb.com,www.truthdig.com
registerguard.com,www.kshb.com
90min.com,www.registerguard.com
wfmynews2.com,www.90min.com
wtvm.com,www.wfmynews2.com
reflector.com,www.wtvm.com
newzmagazine.com,www.reflector.com
ktuu.com,www.newzmagazine.com
lmtonline.com,www.ktuu.com
lasvegassun.com,www.lmtonline.com
wibw.com,www.lasvegassun.com
wwltv.com,www.wibw.com
herald-review.com,www.wwltv.com
firstcoastnews.com,www.herald-review.com
wect.com,www.firstcoastnews.com
foxla.com,www.wect.com
observer-reporter.com,www.foxla.com
bellinghamherald.com,www.observer-reporter.com
krdo.com,www.bellinghamherald.com
jamaicaobserver.com,www.krdo.com
conservative101.com,www.jamaicaobserver.com
wnyt.com,www.conservative101.com
whnt.com,www.wnyt.com
tbo.com,www.whnt.com
journalnow.com,www.tbo.com
actionnewsjax.com,www.journalnow.com
citypages.com,www.actionnewsjax.com
courierpress.com,www.citypages.com
deadstate.org,www.courierpress.com
nj1015.com,www.deadstate.org
myrtlebeachonline.com,www.nj1015.com
mansfieldnewsjournal.com,www.myrtlebeachonline.com
stripes.com,www.mansfieldnewsjournal.com
wate.com,www.stripes.com
winknews.com,www.wate.com
starcasm.net,www.winknews.com
mynorthwest.com,www.starcasm.net
eagletribune.com,www.mynorthwest.com
leadertelegram.com,www.eagletribune.com
kplctv.com,www.leadertelegram.com
ksla.com,www.kplctv.com
whotv.com,www.ksla.com
whas11.com,www.whotv.com
cleveland19.com,www.whas11.com
wave3.com,www.cleveland19.com
lansingstatejournal.com,www.wave3.com
wkyt.com,www.lansingstatejournal.com
necn.com,www.wkyt.com
standard.co.uk,www.necn.com
kwwl.com,www.standard.co.uk
totalprosports.com,www.kwwl.com
mycentraljersey.com,www.totalprosports.com
wltx.com,www.mycentraljersey.com
bradenton.com,www.wltx.com
waff.com,www.bradenton.com
heraldextra.com,www.waff.com
fox40.com,www.heraldextra.com
ktar.com,www.fox40.com
recode.net,www.ktar.com
macon.com,www.recode.net
lewrockwell.com,www.macon.com
chieftain.com,www.lewrockwell.com
wacotrib.com,www.chieftain.com
wtkr.com,www.wacotrib.com
gopusa.com,www.wtkr.com
awarenessact.com,www.gopusa.com
wqad.com,www.awarenessact.com
wowt.com,www.wqad.com
waow.com,www.wowt.com
kob.com,www.waow.com
indianexpress.com,www.kob.com
saukvalley.com,www.indianexpress.com
greensboro.com,www.saukvalley.com
salemnews.com,www.greensboro.com
citizensvoice.com,www.salemnews.com
wmbfnews.com,www.citizensvoice.com
jconline.com,www.wmbfnews.com
texastribune.org,www.jconline.com
newsleader.com,www.texastribune.org
wdam.com,www.newsleader.com
1tv.ru,www.wdam.com
ctvnews.ca,www.1tv.ru
4-traders.com,www.ctvnews.ca
ydr.com,www.4-traders.com
toledoblade.com,www.ydr.com
gazette.com,www.toledoblade.com
wivb.com,www.gazette.com
sanluisobispo.com,www.wivb.com
southernminn.com,www.sanluisobispo.com
mundodeportivo.com,www.southernminn.com
wlky.com,www.mundodeportivo.com
dailyitem.com,www.wlky.com
tallahassee.com,www.dailyitem.com
torontosun.com,www.tallahassee.com
khq.com,www.torontosun.com
pressconnects.com,www.khq.com
citylab.com,www.pressconnects.com
elcolombiano.com,www.citylab.com
hecklerspray.com,www.elcolombiano.com
13wmaz.com,www.hecklerspray.com
therightscoop.com,www.13wmaz.com
rollcall.com,www.therightscoop.com
rgj.com,www.rollcall.com
foxcarolina.com,www.rgj.com
grandforksherald.com,www.foxcarolina.com
wpri.com,www.grandforksherald.com
ghanaweb.com,www.wpri.com
theindychannel.com,www.ghanaweb.com
statesmanjournal.com,www.theindychannel.com
cbs46.com,www.statesmanjournal.com
kpbs.org,www.cbs46.com
fayobserver.com,www.kpbs.org
poststar.com,www.fayobserver.com
chicksonright.com,www.poststar.com
wnct.com,www.chicksonright.com
wspa.com,www.wnct.com
fox2detroit.com,www.wspa.com
13newsnow.com,www.fox2detroit.com
thefiscaltimes.com,www.13newsnow.com
thestar.com,www.thefiscaltimes.com
katv.com,www.thestar.com
fox5vegas.com,www.katv.com
milenio.com,www.fox5vegas.com
heraldbulletin.com,www.milenio.com
kake.com,www.heraldbulletin.com
highsnobiety.com,www.kake.com
wset.com,www.highsnobiety.com
9and10news.com,www.wset.com
hcn.org,www.9and10news.com
wboc.com,www.hcn.org
redbull.com,www.wboc.com
abc3340.com,www.redbull.com
aspentimes.com,www.abc3340.com
fox9.com,www.aspentimes.com
wdbj7.com,www.fox9.com
wdsu.com,www.wdbj7.com
wnem.com,www.wdsu.com
frontpagemag.com,www.wnem.com
hindustantimes.com,www.frontpagemag.com
downtrend.com,www.hindustantimes.com
goodfullness.net,www.downtrend.com
en.mediamass.net,www.goodfullness.net
wokesloth.com,www.en.mediamass.net
dailypost.ng,www.wokesloth.com
thewildcard.com,www.dailypost.ng
dailyheadlines.net,www.thewildcard.com
afa.net,www.dailyheadlines.net
themindunleashed.com,www.afa.net
neonnettle.com,www.themindunleashed.com
newsandguts.com,www.neonnettle.com
americanjournalreview.com,www.newsandguts.com
truepundit.com,www.americanjournalreview.com
viralhatch.com,www.truepundit.com
jihadwatch.org,www.viralhatch.com
nowtheendbegins.com,www.jihadwatch.org
concealednation.org,www.nowtheendbegins.com
dailypresser.com,www.concealednation.org
healthnutnews.com,www.dailypresser.com
truthuncensored.net,www.healthnutnews.com
truthuncensored.net,www.truthuncensored.net
goodmorningamerica.com,www.truthuncensored.net
rwnofficial.com,www.goodmorningamerica.com
rightwingtribune.com,www.rwnofficial.com
westernsentinel.com,www.rightwingtribune.com
thedailynet.com,www.westernsentinel.com
buzzfeednews.com,www.thedailynet.com
washingtondailywire.com,www.buzzfeednews.com
tmzbreaking.com,www.washingtondailywire.com
fabiosa.com,www.tmzbreaking.com
huzlers.com,www.fabiosa.com
fabiosa.guru,www.huzlers.com
react365.com,www.fabiosa.guru
gtgoodtimes.com,www.react365.com
washingtonsources.org,www.gtgoodtimes.com
,www.washingtonsources.org